{"cameraMode":{"drawMode":0,"name":"Shaded","section":"Shading Mode"},"sceneLighting":true,"audioPlay":false,"sceneViewState":{"m_AlwaysRefresh":false,"showFog":true,"showSkybox":true,"showFlares":true,"showImageEffects":true,"showParticleSystems":true,"showVisualEffectGraphs":true,"m_FxEnabled":true},"in2DMode":false,"pivot":{"x":668.54345703125,"y":254.56948852539063,"z":-472.2018737792969},"rotation":{"x":0.029689040035009385,"y":0.003591167042031884,"z":0.00007417879533022642,"w":-0.9996451139450073},"size":126.81261444091797,"orthographic":false}